{
  "results": [
    {
      "command": "java21 -jar downloader/build/libs/downloader-all.jar --path /work -dii basilic 130M",
      "mean": 2.40353234702,
      "stddev": 0.011188810115297692,
      "median": 2.39796716162,
      "user": 0.8233904799999999,
      "system": 0.36348814,
      "min": 2.3944277936200002,
      "max": 2.4189567206200002,
      "times": [
        2.4117776066200003,
        2.4189567206200002,
        2.39453245262,
        2.39796716162,
        2.3944277936200002
      ],
      "exit_codes": [
        0,
        0,
        0,
        0,
        0
      ]
    }
  ]
}
