{
  "results": [
    {
      "command": "java21 -jar downloader/build/libs/downloader-all.jar --path /work -dii basilic 130M",
      "mean": 5.60169111056,
      "stddev": 0.038418706040678235,
      "median": 5.5889364955600005,
      "user": 0.7350777399999999,
      "system": 0.41750024,
      "min": 5.559608502560001,
      "max": 5.66305680756,
      "times": [
        5.5889364955600005,
        5.559608502560001,
        5.58885340656,
        5.60800034056,
        5.66305680756
      ],
      "exit_codes": [
        0,
        0,
        0,
        0,
        0
      ]
    }
  ]
}
