{
  "results": [
    {
      "command": "java21 -jar downloader/build/libs/downloader-all.jar --path /work -dii basilic 130M",
      "mean": 10.97008223692,
      "stddev": 0.039020166898383404,
      "median": 10.97175822372,
      "user": 0.75813256,
      "system": 0.4728492,
      "min": 10.93188872372,
      "max": 11.02147890072,
      "times": [
        10.99327295472,
        10.97175822372,
        10.93201238172,
        11.02147890072,
        10.93188872372
      ],
      "exit_codes": [
        0,
        0,
        0,
        0,
        0
      ]
    }
  ]
}
