{
  "results": [
    {
      "command": "java21 -jar downloader/build/libs/downloader-all.jar --path /work -dii basilic 130M",
      "mean": 21.42452362346,
      "stddev": 0.06879612059622511,
      "median": 21.42888822466,
      "user": 0.83525946,
      "system": 0.5193602199999999,
      "min": 21.35396798866,
      "max": 21.51937347066,
      "times": [
        21.457772153660002,
        21.51937347066,
        21.42888822466,
        21.36261627966,
        21.35396798866
      ],
      "exit_codes": [
        0,
        0,
        0,
        0,
        0
      ]
    }
  ]
}
