{
  "results": [
    {
      "command": "java21 -jar downloader/build/libs/downloader-all.jar --path /work -dii galium big_file",
      "mean": 53.91551449438,
      "stddev": 0.13593674358781457,
      "median": 53.87120028038,
      "user": 1.91853288,
      "system": 5.34699642,
      "min": 53.80044710738,
      "max": 54.124885385380004,
      "times": [
        54.124885385380004,
        53.87120028038,
        53.973058644380004,
        53.80044710738,
        53.80798105438
      ],
      "exit_codes": [
        0,
        0,
        0,
        0,
        0
      ]
    }
  ]
}
