{
  "results": [
    {
      "command": "java21 -jar downloader/build/libs/downloader-all.jar --path /work -dii galium big_file",
      "mean": 27.28890338306,
      "stddev": 0.6526120275833156,
      "median": 27.00249424466,
      "user": 1.88890236,
      "system": 4.875690179999999,
      "min": 26.95465966666,
      "max": 28.45510015966,
      "times": [
        28.45510015966,
        27.038899498659998,
        27.00249424466,
        26.99336334566,
        26.95465966666
      ],
      "exit_codes": [
        0,
        0,
        0,
        0,
        0
      ]
    }
  ]
}
