{
  "results": [
    {
      "command": "java21 -jar downloader/build/libs/downloader-all.jar --path /work -dii basilic 130M",
      "mean": 3.2975839215400002,
      "stddev": 0.01747372884839867,
      "median": 3.29667183874,
      "user": 0.82297204,
      "system": 0.38222769999999995,
      "min": 3.28107581774,
      "max": 3.32506569974,
      "times": [
        3.28107581774,
        3.29667183874,
        3.32506569974,
        3.30098252274,
        3.28412372874
      ],
      "exit_codes": [
        0,
        0,
        0,
        0,
        0
      ]
    }
  ]
}
