{
  "results": [
    {
      "command": "java21 -jar downloader/build/libs/downloader-all.jar --path /work -dii basilic 130M",
      "mean": 2.2212821242199996,
      "stddev": 0.016359406007878906,
      "median": 2.21614217182,
      "user": 0.7767115399999999,
      "system": 0.40377080000000004,
      "min": 2.20531590382,
      "max": 2.24148150582,
      "times": [
        2.23553325882,
        2.21614217182,
        2.20531590382,
        2.20793778082,
        2.24148150582
      ],
      "exit_codes": [
        0,
        0,
        0,
        0,
        0
      ]
    }
  ]
}
