{
  "results": [
    {
      "command": "java21 -jar downloader/build/libs/downloader-all.jar -dii galium 130M",
      "mean": 4.8339552294,
      "stddev": 0.05157904172716943,
      "median": 4.84383826108,
      "user": 0.7936350200000001,
      "system": 0.55886586,
      "min": 4.66733749508,
      "max": 4.90803830708,
      "times": [
        4.90803830708,
        4.75800414108,
        4.81786072408,
        4.86164202408,
        4.87972177008,
        4.878169203080001,
        4.83097356508,
        4.84383826108,
        4.83387108408,
        4.8916841170800005,
        4.66733749508,
        4.85632543208,
        4.83616424908,
        4.85146246208,
        4.75341490208,
        4.78961993808,
        4.85701097808,
        4.79798010008,
        4.90012196608,
        4.84670747608,
        4.84946749108,
        4.8368563270800005,
        4.81718255108,
        4.84385036508,
        4.84157580508
      ],
      "exit_codes": [
        0,
        0,
        0,
        0,
        0,
        0,
        0,
        0,
        0,
        0,
        0,
        0,
        0,
        0,
        0,
        0,
        0,
        0,
        0,
        0,
        0,
        0,
        0,
        0,
        0
      ]
    }
  ]
}
