{
  "results": [
    {
      "command": "java21 -jar downloader/build/libs/downloader-all.jar --path /work -dii basilic 130M",
      "mean": 2.93084081832,
      "stddev": 0.02484735944853345,
      "median": 2.92683868872,
      "user": 0.67558904,
      "system": 0.43076680000000006,
      "min": 2.9105584007200003,
      "max": 2.97339392172,
      "times": [
        2.97339392172,
        2.9105584007200003,
        2.92738698472,
        2.92683868872,
        2.9160260957200004
      ],
      "exit_codes": [
        0,
        0,
        0,
        0,
        0
      ]
    }
  ]
}
