{
  "results": [
    {
      "command": "java21 -jar downloader/build/libs/downloader-all.jar --path /work -dii basilic 130M",
      "mean": 7.383419246320001,
      "stddev": 0.033533948843346366,
      "median": 7.39642764652,
      "user": 0.75174252,
      "system": 0.44851437999999993,
      "min": 7.34058743052,
      "max": 7.42454460352,
      "times": [
        7.39699271352,
        7.39642764652,
        7.34058743052,
        7.42454460352,
        7.35854383752
      ],
      "exit_codes": [
        0,
        0,
        0,
        0,
        0
      ]
    }
  ]
}
