{
  "results": [
    {
      "command": "java21 -jar downloader/build/libs/downloader-all.jar -dii galium 130M",
      "mean": 2.8614185081,
      "stddev": 0.31790911742215316,
      "median": 2.85135733186,
      "user": 0.5231882800000001,
      "system": 0.37235438000000004,
      "min": 2.29212427486,
      "max": 3.5823213048599998,
      "times": [
        2.86297843086,
        2.82514366786,
        3.34795746686,
        3.41176765286,
        2.58557203386,
        2.89446988386,
        2.46966111986,
        3.06817853386,
        2.51586158986,
        3.28224032286,
        2.94534811786,
        2.84900911486,
        2.85135733186,
        2.4680494568599998,
        3.5823213048599998,
        2.44957121186,
        2.9542305448599997,
        2.78750136886,
        2.29212427486,
        2.67432928086,
        2.88275613786,
        2.9905394038599997,
        3.06423842686,
        2.77575495886,
        2.70450106486
      ],
      "exit_codes": [
        0,
        0,
        0,
        0,
        0,
        0,
        0,
        0,
        0,
        0,
        0,
        0,
        0,
        0,
        0,
        0,
        0,
        0,
        0,
        0,
        0,
        0,
        0,
        0,
        0
      ]
    }
  ]
}
