{
  "results": [
    {
      "command": "java21 -jar downloader/build/libs/downloader-all.jar --path /work -dii basilic 130M",
      "mean": 2.64560595064,
      "stddev": 0.01821955497389844,
      "median": 2.64965436584,
      "user": 0.8199405799999999,
      "system": 0.36129292,
      "min": 2.62451318284,
      "max": 2.66982283284,
      "times": [
        2.66982283284,
        2.65329652584,
        2.62451318284,
        2.64965436584,
        2.63074284584
      ],
      "exit_codes": [
        0,
        0,
        0,
        0,
        0
      ]
    }
  ]
}
