{
  "results": [
    {
      "command": "java21 -jar downloader/build/libs/downloader-all.jar --path /work -dii galium big_file",
      "mean": 214.54147141956,
      "stddev": 0.376697854337668,
      "median": 214.58963525036,
      "user": 1.6246836799999997,
      "system": 4.40377438,
      "min": 213.95351581236,
      "max": 214.87828582436,
      "times": [
        214.43613929736,
        214.87828582436,
        214.84978091336,
        213.95351581236,
        214.58963525036
      ],
      "exit_codes": [
        0,
        0,
        0,
        0,
        0
      ]
    }
  ]
}
