{
  "results": [
    {
      "command": "java21 -jar downloader/build/libs/downloader-all.jar --path /work -dii basilic 130M",
      "mean": 4.52023924134,
      "stddev": 0.022494378678529738,
      "median": 4.51582781334,
      "user": 0.76270916,
      "system": 0.4020773,
      "min": 4.49668497734,
      "max": 4.55592520034,
      "times": [
        4.55592520034,
        4.51582781334,
        4.50782237634,
        4.49668497734,
        4.524935839339999
      ],
      "exit_codes": [
        0,
        0,
        0,
        0,
        0
      ]
    }
  ]
}
